year,week,precipitation_mm_per_day
2013,1,2.66092164175851e-07
2013,2,1.1974147387913295e-05
2013,3,0.0013605292354311263
2013,4,6.386211940220424e-06
2013,5,6.386211940220424e-06
2013,6,6.386211940220424e-06
2013,7,6.386211940220424e-06
2013,8,9.579317910330637e-06
2013,9,6.386211940220424e-06
2013,10,1.862645149230957e-05
2013,11,6.253165858132499e-06
2013,12,6.386211940220424e-06
2013,13,6.386211940220424e-06
2013,14,0.0
2013,15,0.003735933985028948
2013,16,1.2154257191079003
2013,17,0.46504209084170206
2013,18,0.22242657308067595
2013,19,0.41444519800799234
2013,20,0.06938805537564414
2013,21,0.3745369613170624
2013,22,0.250765255519322
2013,23,0.2566549394811903
2013,24,0.5263239145278931
2013,25,0.7844349103314536
2013,26,4.678452919636454
2013,27,1.6943965373294694
2013,28,0.7140210696629116
2013,29,1.0001216349857194
2013,30,1.2346866673656873
2013,31,3.048697087381567
2013,32,9.544251619705133
2013,33,8.173322837267603
2013,34,1.6911432945302554
2013,35,3.629396403474467
2013,36,1.296332638178553
2013,37,2.661931195429393
2013,38,0.7720012217760086
2013,39,0.35284539418561117
2013,40,0.15988387167453766
2013,41,0.10762722896678108
2013,42,0.02817091132913317
2013,43,6.386211940220424e-06
2013,44,9.206788880484445e-05
2013,45,3.193105970110212e-06
2013,46,1.2772423880440848e-05
2013,47,1.836035932813372e-05
2013,48,2.66092164175851e-07
2013,49,1.8892543656485422e-05
2013,50,1.330460820879255e-07
2013,51,3.0600598880222866e-06
2013,52,1.1175870895385742e-05
2014,1,0.0
2014,2,6.386211940220424e-06
2014,3,0.000619728650365557
2014,4,5.854027611868722e-06
2014,5,0.07148991738046918
2014,6,0.07775146514177322
2014,7,0.0
2014,8,1.5566391604287283e-05
2014,9,0.0
2014,10,5.854027611868722e-06
2014,11,6.51925802230835e-06
2014,12,1.5832483768463135e-05
2014,13,0.0024637473481042044
2014,14,6.386211940220424e-06
2014,15,0.061771167176110406
2014,16,0.008870182292801993
2014,17,0.08490016417843955
2014,18,0.5443990230560303
2014,19,0.9329542517662048
2014,20,0.37992612591811586
2014,21,0.05816827927316938
2014,22,0.13800949922629765
2014,23,0.848714794431414
2014,24,0.902665512902396
2014,25,0.10509230196475983
2014,26,0.3801440554005759
2014,27,0.4298378314290728
2014,28,0.539856164583138
2014,29,3.8089371685470854
2014,30,3.2485718173640117
2014,31,11.887916895960059
2014,32,3.2109306859118596
2014,33,7.913227459149701
2014,34,3.349964240831988
2014,35,1.7854213448507446
2014,36,1.3162620099527496
2014,37,1.0308225506118365
2014,38,1.2325398357851165
2014,39,0.6792195407407624
2014,40,0.13381069792168482
2014,41,0.00981188246182033
2014,42,0.07731281220912933
2014,43,0.0
2014,44,0.003941357135772705
2014,45,0.0
2014,46,0.0
2014,47,6.652304104396275e-06
2014,48,6.120119776044573e-06
2014,49,6.120119776044573e-06
2014,50,6.120119776044573e-06
2014,51,1.2772423880440848e-05
2014,52,0.0
2015,1,0.0
2015,2,6.386211940220424e-06
2015,3,6.120119776044573e-06
2015,4,6.386211940220424e-06
2015,5,0.0
2015,6,6.386211940220424e-06
2015,7,6.386211940220424e-06
2015,8,0.3739121769155775
2015,9,6.386211940220424e-06
2015,10,1.2506331716264998e-05
2015,11,1.2639377798352922e-05
2015,12,0.22543767201048986
2015,13,0.0007062086037227086
2015,14,0.0
2015,15,6.386211940220424e-06
2015,16,6.120119776044573e-06
2015,17,0.0
2015,18,0.01665231372628893
2015,19,0.006865710020065308
2015,20,0.10415885065283094
2015,21,0.07114958550248827
2015,22,0.023209090743746077
2015,23,0.9476356208324432
2015,24,0.2935512789658138
2015,25,1.775977068713733
2015,26,1.0662986231701714
2015,27,0.9888748505285808
2015,28,1.428306767983096
2015,29,1.5936757304838725
2015,30,2.4102795869112015
2015,31,6.152071590934481
2015,32,4.601761432630675
2015,33,5.832682363688946
2015,34,16.7350811617715
2015,35,3.9704878415380205
2015,36,8.0378440075687
2015,37,0.191063221011843
2015,38,3.5613298948322023
2015,39,0.3883511360202517
2015,40,0.6518288116369929
2015,41,0.1108928450516292
2015,42,0.017799969230379378
2015,43,0.018525070377758572
2015,44,1.2240239552089146e-05
2015,45,6.120119776044573e-06
2015,46,1.2506331716264998e-05
2015,47,0.0
2015,48,0.0
2015,49,0.0
2015,50,0.0
2015,51,2.5012663432529996e-05
2015,52,0.0
2016,1,0.004480193768228803
2016,2,1.2772423880440848e-05
2016,3,0.0
2016,4,0.00296107360294887
2016,5,6.386211940220424e-06
2016,6,2.66092164175851e-07
2016,7,0.0005414975540978568
2016,8,6.386211940220424e-06
2016,9,0.0
2016,10,2.5278755596705844e-05
2016,11,2.224703984601157
2016,12,0.007910121764455522
2016,13,1.8094267163957867e-05
2016,14,0.1654489231961114
2016,15,0.8531840784209115
2016,16,0.07656376276697431
2016,17,1.2240239552089146e-05
2016,18,0.0013506838253566197
2016,19,0.10743577565465655
2016,20,1.2371135609490531
2016,21,0.18262517239366258
2016,22,1.1415196848767144
2016,23,0.6364203457321439
2016,24,3.3091636640684947
2016,25,0.46722723969391416
2016,26,0.48136445028441294
2016,27,1.1294034442731313
2016,28,2.0032748579978943
2016,29,10.54817730826991
2016,30,3.415979178888457
2016,31,2.2216806454317912
2016,32,5.6813963289771765
2016,33,6.677546671458653
2016,34,3.1411783503634587
2016,35,3.5941795046840395
2016,36,1.1877223317112242
2016,37,1.584871539047786
2016,38,0.8938227381025042
2016,39,0.43180398643016815
2016,40,0.055163832647459846
2016,41,0.08244626224040985
2016,42,0.028475320764950345
2016,43,1.2506331716264998e-05
2016,44,1.9158635820661273e-05
2016,45,1.2240239552089146e-05
2016,46,1.30385160446167e-05
2016,47,6.120119776044573e-06
2016,48,1.2772423880440848e-05
2016,49,6.120119776044573e-06
2016,50,1.2772423880440848e-05
2016,51,6.652304104396275e-06
2016,52,9.727146890428332e-06
2017,1,6.120119776044573e-06
2017,2,1.2772423880440848e-05
2017,3,6.652304104396275e-06
2017,4,1.862645149230957e-05
2017,5,1.9158635820661273e-05
2017,6,6.386211940220424e-06
2017,7,6.386211940220424e-06
2017,8,0.0
2017,9,0.0
2017,10,6.652304104396275e-06
2017,11,1.2506331716264998e-05
2017,12,2.66092164175851e-07
2017,13,1.2639377798352922e-05
2017,14,0.22625404277018138
2017,15,3.3261520521981377e-06
2017,16,9.446271828242711e-06
2017,17,0.008923932909965515
2017,18,0.04211387463978359
2017,19,0.6004912512642997
2017,20,1.4323719910212926
2017,21,0.1076159200498036
2017,22,1.219982813511576
2017,23,1.1177177407911845
2017,24,2.668503937976701
2017,25,0.4919402833495821
2017,26,2.243726115141596
2017,27,1.4759767800569534
2017,28,2.7116302933011736
2017,29,4.1926950216293335
2017,30,0.5804008937307766
2017,31,1.8388719430991582
2017,32,5.00072751726423
2017,33,2.7325781328337535
2017,34,7.92597234249115
2017,35,12.34378625771829
2017,36,1.1305090572152818
2017,37,3.040766077382224
2017,38,1.821399267230715
2017,39,0.15351495572498866
2017,40,0.9888719235147748
2017,41,0.026700486029897417
2017,42,0.0
2017,43,6.120119776044573e-06
2017,44,1.2506331716264998e-05
2017,45,6.386211940220424e-06
2017,46,6.386211940220424e-06
2017,47,6.120119776044573e-06
2017,48,6.386211940220424e-06
2017,49,1.2772423880440848e-05
2017,50,0.0014097562858036586
2017,51,0.0
2017,52,1.0477378964424133e-05
2018,1,6.120119776044573e-06
2018,2,0.0
2018,3,2.66092164175851e-07
2018,4,1.862645149230957e-05
2018,5,6.120119776044573e-06
2018,6,1.2772423880440848e-05
2018,7,6.120119776044573e-06
2018,8,0.04847241299492972
2018,9,1.6098575932638986e-05
2018,10,6.120119776044573e-06
2018,11,3.166496753692627e-05
2018,12,0.02750514873436519
2018,13,1.8892543656485422e-05
2018,14,0.0
2018,15,0.00023043581417628696
2018,16,6.386211940220424e-06
2018,17,0.11604598590305873
2018,18,2.66092164175851e-07
2018,19,0.03163197210856846
2018,20,0.4931185394525528
2018,21,0.06767921149730682
2018,22,0.8284615884934153
2018,23,0.1897839829325676
2018,24,0.2874037516968591
2018,25,1.973262455846582
2018,26,0.5295780886496816
2018,27,0.6805354995386941
2018,28,0.6815241649746895
2018,29,2.9756099517856325
2018,30,1.7534026077815466
2018,31,2.515256404876709
2018,32,2.9856394976377487
2018,33,5.541487330836909
2018,34,3.2822189054318835
2018,35,5.258886409657342
2018,36,3.3801799373967305
2018,37,3.435842160667692
2018,38,0.9274048996823174
2018,39,1.8175076693296432
2018,40,0.4844354199511664
2018,41,0.5820499999182565
2018,42,0.27862217809472767
2018,43,0.17962365278175899
2018,44,0.05314978105681283
2018,45,1.8892543656485422e-05
2018,46,6.120119776044573e-06
2018,47,1.2772423880440848e-05
2018,48,1.8892543656485422e-05
2018,49,6.386211940220424e-06
2018,50,6.386211940220424e-06
2018,51,0.0
2018,52,1.1175870895385742e-05
2019,1,0.0
2019,2,6.386211940220424e-06
2019,3,1.2240239552089146e-05
2019,4,6.386211940220424e-06
2019,5,6.386211940220424e-06
2019,6,1.8892543656485422e-05
2019,7,0.0
2019,8,6.120119776044573e-06
2019,9,0.0
2019,10,7.423971380506243e-05
2019,11,6.120119776044573e-06
2019,12,6.386211940220424e-06
2019,13,1.2240239552089146e-05
2019,14,0.0
2019,15,1.1974147387913295e-05
2019,16,0.0008663960865565709
2019,17,0.051981104271752496
2019,18,0.044475442596844265
2019,19,0.5175777311835971
2019,20,0.7265548088720867
2019,21,0.44975775693144115
2019,22,0.7477748606886182
2019,23,1.5806257724761963
2019,24,0.17980699028287614
2019,25,0.3040065722806113
2019,26,3.034073194222791
2019,27,2.6719238875167712
2019,28,2.063180453010968
2019,29,0.5780123174190521
2019,30,1.8171703975115503
2019,31,0.85497328213283
2019,32,5.797909705766609
2019,33,5.988593479352338
2019,34,7.900690659880638
2019,35,6.570708671850817
2019,36,0.6351697125605175
2019,37,2.4397817573377063
2019,38,0.7940778242690223
2019,39,0.09488474045481
2019,40,0.7314115230526242
2019,41,5.528908622051988
2019,42,0.7655492850712368
2019,43,0.039330018418175836
2019,44,0.019279175571032932
2019,45,-1.2772423880440848e-05
2019,46,-1.2772423880440848e-05
2019,47,0.0
2019,48,6.386211940220424e-06
2019,49,-6.386211940220424e-06
2019,50,0.0
2019,51,6.386211940220424e-06
2019,52,-5.587935447692871e-06
2020,1,-2.4480479104178293e-05
2020,2,0.0
2020,3,-2.4480479104178293e-05
2020,4,0.0
2020,5,0.0
2020,6,-6.120119776044573e-06
2020,7,6.120119776044573e-06
2020,8,0.0
2020,9,-6.120119776044573e-06
2020,10,-6.120119776044573e-06
2020,11,0.0
2020,12,0.306987070611545
2020,13,0.0
2020,14,0.0
2020,15,0.0013299286365509033
2020,16,0.0006604407514844622
2020,17,0.0010082232100622995
2020,18,0.08081964084080287
2020,19,0.0038210834775652203
2020,20,0.16823384378637588
2020,21,0.1068522355386189
2020,22,0.2769093428339277
2020,23,0.47174388808863504
2020,24,0.26056383337293354
2020,25,0.18818995782307216
2020,26,0.33651345542498995
2020,27,0.4946831613779068
2020,28,2.6017120108008385
2020,29,0.0
2020,30,0.0
2020,31,0.0
2020,32,0.0
2020,33,0.0
2020,34,0.0
2020,35,0.0
2020,36,0.0
2020,37,0.0
2020,38,0.0
2020,39,0.0
2020,40,0.0
2020,41,0.0
2020,42,0.0
2020,43,0.0
2020,44,0.0
2020,45,0.0
2020,46,0.0
2020,47,0.0
2020,48,0.0
2020,49,0.0
2020,50,0.0
2020,51,0.0
2020,52,0.0
2021,1,0.0
2021,2,0.0
2021,3,0.0
2021,4,0.0
2021,5,0.0
2021,6,0.0
2021,7,0.0
2021,8,0.0
2021,9,0.0
2021,10,0.0
2021,11,0.0
2021,12,0.0
2021,13,0.0
2021,14,0.0
2021,15,0.0
2021,16,0.0
2021,17,0.0
2021,18,0.0
2021,19,0.0
2021,20,0.0
2021,21,0.0
2021,22,0.0
2021,23,0.0
2021,24,0.0
2021,25,0.0
2021,26,0.0
2021,27,0.0
2021,28,0.0
2021,29,0.0
2021,30,0.0
2021,31,0.0
2021,32,0.0
2021,33,0.0
2021,34,0.0
2021,35,0.0
2021,36,0.0
2021,37,0.0
2021,38,0.0
2021,39,0.0
2021,40,0.0
2021,41,0.0
2021,42,0.0
2021,43,0.0
2021,44,0.0
2021,45,0.0
2021,46,0.0
2021,47,0.0
2021,48,0.0
2021,49,0.0
2021,50,0.0
2021,51,0.0
2021,52,0.0
2022,1,0.0
2022,2,0.0
2022,3,0.0
2022,4,0.0
2022,5,0.0
2022,6,0.0
2022,7,0.0
2022,8,0.0
2022,9,0.0
2022,10,0.0
2022,11,0.0
2022,12,0.0
2022,13,0.0
2022,14,0.0
2022,15,0.0
2022,16,0.0
2022,17,0.0
2022,18,0.0
2022,19,0.0
2022,20,0.0
2022,21,0.0
2022,22,0.0
2022,23,0.0
2022,24,0.0
2022,25,0.0
2022,26,0.0
2022,27,0.0
2022,28,0.0
2022,29,0.0
2022,30,0.0
2022,31,0.0
2022,32,0.0
2022,33,0.0
2022,34,0.0
2022,35,0.0
2022,36,0.0
2022,37,0.0
2022,38,0.0
2022,39,0.0
2022,40,0.0
2022,41,0.0
2022,42,0.0
2022,43,0.0
2022,44,0.0
2022,45,0.0
2022,46,0.0
2022,47,0.0
2022,48,0.0
2022,49,0.0
2022,50,0.0
2022,51,0.0
2022,52,0.0
2023,1,0.0
2023,2,0.0
2023,3,0.0
2023,4,0.0
2023,5,0.0
2023,6,0.0
2023,7,0.0
2023,8,0.0
2023,9,0.0
2023,10,0.0
2023,11,0.0
2023,12,0.0
2023,13,0.0
2023,14,0.0
2023,15,0.0
2023,16,0.0
2023,17,0.0
2023,18,0.0
2023,19,0.0
2023,20,0.0
2023,21,0.0
2023,22,0.0
2023,23,0.0
2023,24,0.0
2023,25,0.0
2023,26,0.0
2023,27,0.0
2023,28,0.0
2023,29,0.0
2023,30,0.0
2023,31,0.0
2023,32,0.0
2023,33,0.0
2023,34,0.0
2023,35,0.0
2023,36,0.0
2023,37,0.0
2023,38,0.0
2023,39,0.0
2023,40,0.0
2023,41,0.0
2023,42,0.0
2023,43,0.0
2023,44,0.0
2023,45,0.0
2023,46,0.0
2023,47,0.0
2023,48,0.0
2023,49,0.0
2023,50,0.0
2023,51,0.0
2023,52,0.0
